patent_no,http,url
4243595,https://www.google.com/patents/US,
4243666,https://www.google.com/patents/US,
4243672,https://www.google.com/patents/US,
4243674,https://www.google.com/patents/US,
4244887,https://www.google.com/patents/US,
4244951,https://www.google.com/patents/US,
4245049,https://www.google.com/patents/US,
4245053,https://www.google.com/patents/US,
4246263,https://www.google.com/patents/US,
4247462,https://www.google.com/patents/US,
4247568,https://www.google.com/patents/US,
4247699,https://www.google.com/patents/US,
4248882,https://www.google.com/patents/US,
4251563,https://www.google.com/patents/US,
4252811,https://www.google.com/patents/US,
4252812,https://www.google.com/patents/US,
4252957,https://www.google.com/patents/US,
4253918,https://www.google.com/patents/US,
4254250,https://www.google.com/patents/US,
4255426,https://www.google.com/patents/US,
4256484,https://www.google.com/patents/US,
4256733,https://www.google.com/patents/US,
4256897,https://www.google.com/patents/US,
4257817,https://www.google.com/patents/US,
4258054,https://www.google.com/patents/US,
4258061,https://www.google.com/patents/US,
4259331,https://www.google.com/patents/US,
4259345,https://www.google.com/patents/US,
4260598,https://www.google.com/patents/US,
4260740,https://www.google.com/patents/US,
4260764,https://www.google.com/patents/US,
4262021,https://www.google.com/patents/US,
4263402,https://www.google.com/patents/US,
4263438,https://www.google.com/patents/US,
4265653,https://www.google.com/patents/US,
4267331,https://www.google.com/patents/US,
4267342,https://www.google.com/patents/US,
4268516,https://www.google.com/patents/US,
4268522,https://www.google.com/patents/US,
4268523,https://www.google.com/patents/US,
4268692,https://www.google.com/patents/US,
4269837,https://www.google.com/patents/US,
4270005,https://www.google.com/patents/US,
4273775,https://www.google.com/patents/US,
4273782,https://www.google.com/patents/US,
4276183,https://www.google.com/patents/US,
4276219,https://www.google.com/patents/US,
4276285,https://www.google.com/patents/US,
4276297,https://www.google.com/patents/US,
4277403,https://www.google.com/patents/US,
4277404,https://www.google.com/patents/US,
4279910,https://www.google.com/patents/US,
4281004,https://www.google.com/patents/US,
4282229,https://www.google.com/patents/US,
4282242,https://www.google.com/patents/US,
4282246,https://www.google.com/patents/US,
4282321,https://www.google.com/patents/US,
4283340,https://www.google.com/patents/US,
4283409,https://www.google.com/patents/US,
4283417,https://www.google.com/patents/US,
4283527,https://www.google.com/patents/US,
4283539,https://www.google.com/patents/US,
4283569,https://www.google.com/patents/US,
4284829,https://www.google.com/patents/US,
4285867,https://www.google.com/patents/US,
4286098,https://www.google.com/patents/US,
4287181,https://www.google.com/patents/US,
4287182,https://www.google.com/patents/US,
4287341,https://www.google.com/patents/US,
4287425,https://www.google.com/patents/US,
4288543,https://www.google.com/patents/US,
4289702,https://www.google.com/patents/US,
4289704,https://www.google.com/patents/US,
4289772,https://www.google.com/patents/US,
4289879,https://www.google.com/patents/US,
4291060,https://www.google.com/patents/US,
4292444,https://www.google.com/patents/US,
4296120,https://www.google.com/patents/US,
4296129,https://www.google.com/patents/US,
4296203,https://www.google.com/patents/US,
4299820,https://www.google.com/patents/US,
4301998,https://www.google.com/patents/US,
4302464,https://www.google.com/patents/US,
4303643,https://www.google.com/patents/US,
4303659,https://www.google.com/patents/US,
4305752,https://www.google.com/patents/US,
4305877,https://www.google.com/patents/US,
4305949,https://www.google.com/patents/US,
4305955,https://www.google.com/patents/US,
4306097,https://www.google.com/patents/US,
4307106,https://www.google.com/patents/US,
4307108,https://www.google.com/patents/US,
4309222,https://www.google.com/patents/US,
4309347,https://www.google.com/patents/US,
4309427,https://www.google.com/patents/US,
4309545,https://www.google.com/patents/US,
4310529,https://www.google.com/patents/US,
4310550,https://www.google.com/patents/US,
4310668,https://www.google.com/patents/US,
4310669,https://www.google.com/patents/US,
4312877,https://www.google.com/patents/US,
4316010,https://www.google.com/patents/US,
4316960,https://www.google.com/patents/US,
D263172,https://www.google.com/patents/US,
4320124,https://www.google.com/patents/US,
4321196,https://www.google.com/patents/US,
4321372,https://www.google.com/patents/US,
4321391,https://www.google.com/patents/US,
4322557,https://www.google.com/patents/US,
4323499,https://www.google.com/patents/US,
4323506,https://www.google.com/patents/US,
4329429,https://www.google.com/patents/US,
4329495,https://www.google.com/patents/US,
4331159,https://www.google.com/patents/US,
4331599,https://www.google.com/patents/US,
4331602,https://www.google.com/patents/US,
4331683,https://www.google.com/patents/US,
4332942,https://www.google.com/patents/US,
4332952,https://www.google.com/patents/US,
4333932,https://www.google.com/patents/US,
4336265,https://www.google.com/patents/US,
4336368,https://www.google.com/patents/US,
4337250,https://www.google.com/patents/US,
4337350,https://www.google.com/patents/US,
4339583,https://www.google.com/patents/US,
4340678,https://www.google.com/patents/US,
4340737,https://www.google.com/patents/US,
4340763,https://www.google.com/patents/US,
4341220,https://www.google.com/patents/US,
4341792,https://www.google.com/patents/US,
4341906,https://www.google.com/patents/US,
4341956,https://www.google.com/patents/US,
4342695,https://www.google.com/patents/US,
4342697,https://www.google.com/patents/US,
4342768,https://www.google.com/patents/US,
4342771,https://www.google.com/patents/US,
4342781,https://www.google.com/patents/US,
4342868,https://www.google.com/patents/US,
4343813,https://www.google.com/patents/US,
4348264,https://www.google.com/patents/US,
4348526,https://www.google.com/patents/US,
4350696,https://www.google.com/patents/US,
4351833,https://www.google.com/patents/US,
4351840,https://www.google.com/patents/US,
4351843,https://www.google.com/patents/US,
4351845,https://www.google.com/patents/US,
4351940,https://www.google.com/patents/US,
4352741,https://www.google.com/patents/US,
4352807,https://www.google.com/patents/US,
4356122,https://www.google.com/patents/US,
4356174,https://www.google.com/patents/US,
4357332,https://www.google.com/patents/US,
4359416,https://www.google.com/patents/US,
4359472,https://www.google.com/patents/US,
4360463,https://www.google.com/patents/US,
4360700,https://www.google.com/patents/US,
4361513,https://www.google.com/patents/US,
4361649,https://www.google.com/patents/US,
4363421,https://www.google.com/patents/US,
4363803,https://www.google.com/patents/US,
4363912,https://www.google.com/patents/US,
4364957,https://www.google.com/patents/US,
4365077,https://www.google.com/patents/US,
4366134,https://www.google.com/patents/US,
4366575,https://www.google.com/patents/US,
4367207,https://www.google.com/patents/US,
4367211,https://www.google.com/patents/US,
4367234,https://www.google.com/patents/US,
4368330,https://www.google.com/patents/US,
4368331,https://www.google.com/patents/US,
4370328,https://www.google.com/patents/US,
4371696,https://www.google.com/patents/US,
4371720,https://www.google.com/patents/US,
4373970,https://www.google.com/patents/US,
4374148,https://www.google.com/patents/US,
4374826,https://www.google.com/patents/US,
4374843,https://www.google.com/patents/US,
4375430,https://www.google.com/patents/US,
4375434,https://www.google.com/patents/US,
4376076,https://www.google.com/patents/US,
4376204,https://www.google.com/patents/US,
4377521,https://www.google.com/patents/US,
4377524,https://www.google.com/patents/US,
4377581,https://www.google.com/patents/US,
4377590,https://www.google.com/patents/US,
4379783,https://www.google.com/patents/US,
4380542,https://www.google.com/patents/US,
4381263,https://www.google.com/patents/US,
4381308,https://www.google.com/patents/US,
4382085,https://www.google.com/patents/US,
4382086,https://www.google.com/patents/US,
4382822,https://www.google.com/patents/US,
4386205,https://www.google.com/patents/US,
4387229,https://www.google.com/patents/US,
4387235,https://www.google.com/patents/US,
4390670,https://www.google.com/patents/US,
4390709,https://www.google.com/patents/US,
4391827,https://www.google.com/patents/US,
4393001,https://www.google.com/patents/US,
4395394,https://www.google.com/patents/US,
4397783,https://www.google.com/patents/US,
4399163,https://www.google.com/patents/US,
4399296,https://www.google.com/patents/US,
4400385,https://www.google.com/patents/US,
4404216,https://www.google.com/patents/US,
4404219,https://www.google.com/patents/US,
4404372,https://www.google.com/patents/US,
4405626,https://www.google.com/patents/US,
4406798,https://www.google.com/patents/US,
4406888,https://www.google.com/patents/US,
4407811,https://www.google.com/patents/US,
4407953,https://www.google.com/patents/US,
4410539,https://www.google.com/patents/US,
4411892,https://www.google.com/patents/US,
4411925,https://www.google.com/patents/US,
4412762,https://www.google.com/patents/US,
4412958,https://www.google.com/patents/US,
4413119,https://www.google.com/patents/US,
4414220,https://www.google.com/patents/US,
4414388,https://www.google.com/patents/US,
4419284,https://www.google.com/patents/US,
4419521,https://www.google.com/patents/US,
4420426,https://www.google.com/patents/US,
4421924,https://www.google.com/patents/US,
4423048,https://www.google.com/patents/US,
4423233,https://www.google.com/patents/US,
4427678,https://www.google.com/patents/US,
4427679,https://www.google.com/patents/US,
4428935,https://www.google.com/patents/US,
4429116,https://www.google.com/patents/US,
4429128,https://www.google.com/patents/US,
4430333,https://www.google.com/patents/US,
4430337,https://www.google.com/patents/US,
4431646,https://www.google.com/patents/US,
4431649,https://www.google.com/patents/US,
4431801,https://www.google.com/patents/US,
4431810,https://www.google.com/patents/US,
4431828,https://www.google.com/patents/US,
4432903,https://www.google.com/patents/US,
4432970,https://www.google.com/patents/US,
4432978,https://www.google.com/patents/US,
4432987,https://www.google.com/patents/US,
4434163,https://www.google.com/patents/US,
4434164,https://www.google.com/patents/US,
4434173,https://www.google.com/patents/US,
4435396,https://www.google.com/patents/US,
4435399,https://www.google.com/patents/US,
4435401,https://www.google.com/patents/US,
4435578,https://www.google.com/patents/US,
4435584,https://www.google.com/patents/US,
4436747,https://www.google.com/patents/US,
4442114,https://www.google.com/patents/US,
4443621,https://www.google.com/patents/US,
4444686,https://www.google.com/patents/US,
D273704,https://www.google.com/patents/US,
4448732,https://www.google.com/patents/US,
4448781,https://www.google.com/patents/US,
4448971,https://www.google.com/patents/US,
4449929,https://www.google.com/patents/US,
4450136,https://www.google.com/patents/US,
4450237,https://www.google.com/patents/US,
4451472,https://www.google.com/patents/US,
4451655,https://www.google.com/patents/US,
4451661,https://www.google.com/patents/US,
4452796,https://www.google.com/patents/US,
4452806,https://www.google.com/patents/US,
4452987,https://www.google.com/patents/US,
4454144,https://www.google.com/patents/US,
4454314,https://www.google.com/patents/US,
4454320,https://www.google.com/patents/US,
4454328,https://www.google.com/patents/US,
4455421,https://www.google.com/patents/US,
4456753,https://www.google.com/patents/US,
4457924,https://www.google.com/patents/US,
4457939,https://www.google.com/patents/US,
4458070,https://www.google.com/patents/US,
4458753,https://www.google.com/patents/US,
4462934,https://www.google.com/patents/US,
4464380,https://www.google.com/patents/US,
4464527,https://www.google.com/patents/US,
4465626,https://www.google.com/patents/US,
4465674,https://www.google.com/patents/US,
4466889,https://www.google.com/patents/US,
4466974,https://www.google.com/patents/US,
4467090,https://www.google.com/patents/US,
4468351,https://www.google.com/patents/US,
4468516,https://www.google.com/patents/US,
4469866,https://www.google.com/patents/US,
4471124,https://www.google.com/patents/US,
4471139,https://www.google.com/patents/US,
4473704,https://www.google.com/patents/US,
4474698,https://www.google.com/patents/US,
4474768,https://www.google.com/patents/US,
4474967,https://www.google.com/patents/US,
4476131,https://www.google.com/patents/US,
4476307,https://www.google.com/patents/US,
4476312,https://www.google.com/patents/US,
4477669,https://www.google.com/patents/US,
4477671,https://www.google.com/patents/US,
4478748,https://www.google.com/patents/US,
4481032,https://www.google.com/patents/US,
4482558,https://www.google.com/patents/US,
4482723,https://www.google.com/patents/US,
4483857,https://www.google.com/patents/US,
4483859,https://www.google.com/patents/US,
4483862,https://www.google.com/patents/US,
4483863,https://www.google.com/patents/US,
4483982,https://www.google.com/patents/US,
4485223,https://www.google.com/patents/US,
4486411,https://www.google.com/patents/US,
4486428,https://www.google.com/patents/US,
4486581,https://www.google.com/patents/US,
4486609,https://www.google.com/patents/US,
4488994,https://www.google.com/patents/US,
4489075,https://www.google.com/patents/US,
4489083,https://www.google.com/patents/US,
4491583,https://www.google.com/patents/US,
4492688,https://www.google.com/patents/US,
4495187,https://www.google.com/patents/US,
4495284,https://www.google.com/patents/US,
4496546,https://www.google.com/patents/US,
4496572,https://www.google.com/patents/US,
4499017,https://www.google.com/patents/US,
4500535,https://www.google.com/patents/US,
4502990,https://www.google.com/patents/US,
4503040,https://www.google.com/patents/US,
4503063,https://www.google.com/patents/US,
4505919,https://www.google.com/patents/US,
4507484,https://www.google.com/patents/US,
4510148,https://www.google.com/patents/US,
4510308,https://www.google.com/patents/US,
4510313,https://www.google.com/patents/US,
4511575,https://www.google.com/patents/US,
4511576,https://www.google.com/patents/US,
4512800,https://www.google.com/patents/US,
4512982,https://www.google.com/patents/US,
4515799,https://www.google.com/patents/US,
4517126,https://www.google.com/patents/US,
4517379,https://www.google.com/patents/US,
4518530,https://www.google.com/patents/US,
4518590,https://www.google.com/patents/US,
4518604,https://www.google.com/patents/US,
4521533,https://www.google.com/patents/US,
4525325,https://www.google.com/patents/US,
4526579,https://www.google.com/patents/US,
4526889,https://www.google.com/patents/US,
4528387,https://www.google.com/patents/US,
4529732,https://www.google.com/patents/US,
4529799,https://www.google.com/patents/US,
4530792,https://www.google.com/patents/US,
4530919,https://www.google.com/patents/US,
4533553,https://www.google.com/patents/US,
4533667,https://www.google.com/patents/US,
4533709,https://www.google.com/patents/US,
4535081,https://www.google.com/patents/US,
4535084,https://www.google.com/patents/US,
4536393,https://www.google.com/patents/US,
4536396,https://www.google.com/patents/US,
4536518,https://www.google.com/patents/US,
4536573,https://www.google.com/patents/US,
4539322,https://www.google.com/patents/US,
4540687,https://www.google.com/patents/US,
4542132,https://www.google.com/patents/US,
4543334,https://www.google.com/patents/US,
4546113,https://www.google.com/patents/US,
4547501,https://www.google.com/patents/US,
4547502,https://www.google.com/patents/US,
4547523,https://www.google.com/patents/US,
4547559,https://www.google.com/patents/US,
4548935,https://www.google.com/patents/US,
4550164,https://www.google.com/patents/US,
4550448,https://www.google.com/patents/US,
4551219,https://www.google.com/patents/US,
4551452,https://www.google.com/patents/US,
4551468,https://www.google.com/patents/US,
4551542,https://www.google.com/patents/US,
4552843,https://www.google.com/patents/US,
4554276,https://www.google.com/patents/US,
4554286,https://www.google.com/patents/US,
4555516,https://www.google.com/patents/US,
4556670,https://www.google.com/patents/US,
4556672,https://www.google.com/patents/US,
4556676,https://www.google.com/patents/US,
4558048,https://www.google.com/patents/US,
4559326,https://www.google.com/patents/US,
4560690,https://www.google.com/patents/US,
4560697,https://www.google.com/patents/US,
4562197,https://www.google.com/patents/US,
4562267,https://www.google.com/patents/US,
4564614,https://www.google.com/patents/US,
4565653,https://www.google.com/patents/US,
4565820,https://www.google.com/patents/US,
4566978,https://www.google.com/patents/US,
4567048,https://www.google.com/patents/US,
4567179,https://www.google.com/patents/US,
4568677,https://www.google.com/patents/US,
4568748,https://www.google.com/patents/US,
4568749,https://www.google.com/patents/US,
4569942,https://www.google.com/patents/US,
4570623,https://www.google.com/patents/US,
4572908,https://www.google.com/patents/US,
4572909,https://www.google.com/patents/US,
4575507,https://www.google.com/patents/US,
4576964,https://www.google.com/patents/US,
4578354,https://www.google.com/patents/US,
4579846,https://www.google.com/patents/US,
4581459,https://www.google.com/patents/US,
4582796,https://www.google.com/patents/US,
4582829,https://www.google.com/patents/US,
4582831,https://www.google.com/patents/US,
4582832,https://www.google.com/patents/US,
4582907,https://www.google.com/patents/US,
4583270,https://www.google.com/patents/US,
4584009,https://www.google.com/patents/US,
4584307,https://www.google.com/patents/US,
4584385,https://www.google.com/patents/US,
4585759,https://www.google.com/patents/US,
4585778,https://www.google.com/patents/US,
4585888,https://www.google.com/patents/US,
4588527,https://www.google.com/patents/US,
4589883,https://www.google.com/patents/US,
4590073,https://www.google.com/patents/US,
4590195,https://www.google.com/patents/US,
4590200,https://www.google.com/patents/US,
4590299,https://www.google.com/patents/US,
4591459,https://www.google.com/patents/US,
4591595,https://www.google.com/patents/US,
4593037,https://www.google.com/patents/US,
4593131,https://www.google.com/patents/US,
D284100,https://www.google.com/patents/US,
4593685,https://www.google.com/patents/US,
4594810,https://www.google.com/patents/US,
4595539,https://www.google.com/patents/US,
4598859,https://www.google.com/patents/US,
4599198,https://www.google.com/patents/US,
4601893,https://www.google.com/patents/US,
4601897,https://www.google.com/patents/US,
4602016,https://www.google.com/patents/US,
4602067,https://www.google.com/patents/US,
4603538,https://www.google.com/patents/US,
4605624,https://www.google.com/patents/US,
4607453,https://www.google.com/patents/US,
4610688,https://www.google.com/patents/US,
4610982,https://www.google.com/patents/US,
4611588,https://www.google.com/patents/US,
4613462,https://www.google.com/patents/US,
4613516,https://www.google.com/patents/US,
4614737,https://www.google.com/patents/US,
4616024,https://www.google.com/patents/US,
4616026,https://www.google.com/patents/US,
4616027,https://www.google.com/patents/US,
4617312,https://www.google.com/patents/US,
D286137,https://www.google.com/patents/US,
D286181,https://www.google.com/patents/US,
4618609,https://www.google.com/patents/US,
4618616,https://www.google.com/patents/US,
4619783,https://www.google.com/patents/US,
4619915,https://www.google.com/patents/US,
4619924,https://www.google.com/patents/US,
4620019,https://www.google.com/patents/US,
4620533,https://www.google.com/patents/US,
4621630,https://www.google.com/patents/US,
4621638,https://www.google.com/patents/US,
4622233,https://www.google.com/patents/US,
4622406,https://www.google.com/patents/US,
4623486,https://www.google.com/patents/US,
4623650,https://www.google.com/patents/US,
4623725,https://www.google.com/patents/US,
4623728,https://www.google.com/patents/US,
4624256,https://www.google.com/patents/US,
4624958,https://www.google.com/patents/US,
4625041,https://www.google.com/patents/US,
4626610,https://www.google.com/patents/US,
4627961,https://www.google.com/patents/US,
4628033,https://www.google.com/patents/US,
4629794,https://www.google.com/patents/US,
4629819,https://www.google.com/patents/US,
4631082,https://www.google.com/patents/US,
4631345,https://www.google.com/patents/US,
4632992,https://www.google.com/patents/US,
4632993,https://www.google.com/patents/US,
4636498,https://www.google.com/patents/US,
4636500,https://www.google.com/patents/US,
4636506,https://www.google.com/patents/US,
4638007,https://www.google.com/patents/US,
4639322,https://www.google.com/patents/US,
4642373,https://www.google.com/patents/US,
4644005,https://www.google.com/patents/US,
4647565,https://www.google.com/patents/US,
4649920,https://www.google.com/patents/US,
4650491,https://www.google.com/patents/US,
4650851,https://www.google.com/patents/US,
4652523,https://www.google.com/patents/US,
4652658,https://www.google.com/patents/US,
4653507,https://www.google.com/patents/US,
4654352,https://www.google.com/patents/US,
4654353,https://www.google.com/patents/US,
4654466,https://www.google.com/patents/US,
4656169,https://www.google.com/patents/US,
4656174,https://www.google.com/patents/US,
4656263,https://www.google.com/patents/US,
4656265,https://www.google.com/patents/US,
4658037,https://www.google.com/patents/US,
4661485,https://www.google.com/patents/US,
4661493,https://www.google.com/patents/US,
4661507,https://www.google.com/patents/US,
4662939,https://www.google.com/patents/US,
4663474,https://www.google.com/patents/US,
4665194,https://www.google.com/patents/US,
4665925,https://www.google.com/patents/US,
4666450,https://www.google.com/patents/US,
4668290,https://www.google.com/patents/US,
4670449,https://www.google.com/patents/US,
4670564,https://www.google.com/patents/US,
4672061,https://www.google.com/patents/US,
4673677,https://www.google.com/patents/US,
4675186,https://www.google.com/patents/US,
4677246,https://www.google.com/patents/US,
4678666,https://www.google.com/patents/US,
4678749,https://www.google.com/patents/US,
4678789,https://www.google.com/patents/US,
4678802,https://www.google.com/patents/US,
4680306,https://www.google.com/patents/US,
4680404,https://www.google.com/patents/US,
4681629,https://www.google.com/patents/US,
4684641,https://www.google.com/patents/US,
4684642,https://www.google.com/patents/US,
4686224,https://www.google.com/patents/US,
4686228,https://www.google.com/patents/US,
4689336,https://www.google.com/patents/US,
4690943,https://www.google.com/patents/US,
4694080,https://www.google.com/patents/US,
4694087,https://www.google.com/patents/US,
4694113,https://www.google.com/patents/US,
4695571,https://www.google.com/patents/US,
4695626,https://www.google.com/patents/US,
4695634,https://www.google.com/patents/US,
4698444,https://www.google.com/patents/US,
4703052,https://www.google.com/patents/US,
4704106,https://www.google.com/patents/US,
4704284,https://www.google.com/patents/US,
4704456,https://www.google.com/patents/US,
4704461,https://www.google.com/patents/US,
4705261,https://www.google.com/patents/US,
4705727,https://www.google.com/patents/US,
4707281,https://www.google.com/patents/US,
4707493,https://www.google.com/patents/US,
4708132,https://www.google.com/patents/US,
4708974,https://www.google.com/patents/US,
4709044,https://www.google.com/patents/US,
4710507,https://www.google.com/patents/US,
4710537,https://www.google.com/patents/US,
4711882,https://www.google.com/patents/US,
4711888,https://www.google.com/patents/US,
4714468,https://www.google.com/patents/US,
4714469,https://www.google.com/patents/US,
4714603,https://www.google.com/patents/US,
4714761,https://www.google.com/patents/US,
4715855,https://www.google.com/patents/US,
4716113,https://www.google.com/patents/US,
4716231,https://www.google.com/patents/US,
4716900,https://www.google.com/patents/US,
4718911,https://www.google.com/patents/US,
4721712,https://www.google.com/patents/US,
4723010,https://www.google.com/patents/US,
4725599,https://www.google.com/patents/US,
4725616,https://www.google.com/patents/US,
4725678,https://www.google.com/patents/US,
4726387,https://www.google.com/patents/US,
4727159,https://www.google.com/patents/US,
4728653,https://www.google.com/patents/US,
4728654,https://www.google.com/patents/US,
4729985,https://www.google.com/patents/US,
4730004,https://www.google.com/patents/US,
4730056,https://www.google.com/patents/US,
4730615,https://www.google.com/patents/US,
4732625,https://www.google.com/patents/US,
4732907,https://www.google.com/patents/US,
4732985,https://www.google.com/patents/US,
4732988,https://www.google.com/patents/US,
4736059,https://www.google.com/patents/US,
4738972,https://www.google.com/patents/US,
4739047,https://www.google.com/patents/US,
4739079,https://www.google.com/patents/US,
4740464,https://www.google.com/patents/US,
4740513,https://www.google.com/patents/US,
4743632,https://www.google.com/patents/US,
4746650,https://www.google.com/patents/US,
4748280,https://www.google.com/patents/US,
4749687,https://www.google.com/patents/US,
4750482,https://www.google.com/patents/US,
4751297,https://www.google.com/patents/US,
4751317,https://www.google.com/patents/US,
4752609,https://www.google.com/patents/US,
4753679,https://www.google.com/patents/US,
4753956,https://www.google.com/patents/US,
4755183,https://www.google.com/patents/US,
4756501,https://www.google.com/patents/US,
4757833,https://www.google.com/patents/US,
4758568,https://www.google.com/patents/US,
4758569,https://www.google.com/patents/US,
4761485,https://www.google.com/patents/US,
4762838,https://www.google.com/patents/US,
4762920,https://www.google.com/patents/US,
4762921,https://www.google.com/patents/US,
4766117,https://www.google.com/patents/US,
4766141,https://www.google.com/patents/US,
4767743,https://www.google.com/patents/US,
4767777,https://www.google.com/patents/US,
4769232,https://www.google.com/patents/US,
4771788,https://www.google.com/patents/US,
4772597,https://www.google.com/patents/US,
4772641,https://www.google.com/patents/US,
4772717,https://www.google.com/patents/US,
4775668,https://www.google.com/patents/US,
4776330,https://www.google.com/patents/US,
4777270,https://www.google.com/patents/US,
4777288,https://www.google.com/patents/US,
4778469,https://www.google.com/patents/US,
4781293,https://www.google.com/patents/US,
4782050,https://www.google.com/patents/US,
4782145,https://www.google.com/patents/US,
4782146,https://www.google.com/patents/US,
4782165,https://www.google.com/patents/US,
4782900,https://www.google.com/patents/US,
4783467,https://www.google.com/patents/US,
4784642,https://www.google.com/patents/US,
4784663,https://www.google.com/patents/US,
4785078,https://www.google.com/patents/US,
4788196,https://www.google.com/patents/US,
4788205,https://www.google.com/patents/US,
4791125,https://www.google.com/patents/US,
4791129,https://www.google.com/patents/US,
4791131,https://www.google.com/patents/US,
4792448,https://www.google.com/patents/US,
4794179,https://www.google.com/patents/US,
4797298,https://www.google.com/patents/US,
4797394,https://www.google.com/patents/US,
4797401,https://www.google.com/patents/US,
4797403,https://www.google.com/patents/US,
4797486,https://www.google.com/patents/US,
4797490,https://www.google.com/patents/US,
4798835,https://www.google.com/patents/US,
4801096,https://www.google.com/patents/US,
4801598,https://www.google.com/patents/US,
4803076,https://www.google.com/patents/US,
4804680,https://www.google.com/patents/US,
4804782,https://www.google.com/patents/US,
4806536,https://www.google.com/patents/US,
4806557,https://www.google.com/patents/US,
4808591,https://www.google.com/patents/US,
4808597,https://www.google.com/patents/US,
4808601,https://www.google.com/patents/US,
4812455,https://www.google.com/patents/US,
4812471,https://www.google.com/patents/US,
4814342,https://www.google.com/patents/US,
4821802,https://www.google.com/patents/US,
4822793,https://www.google.com/patents/US,
4826833,https://www.google.com/patents/US,
4827919,https://www.google.com/patents/US,
4828562,https://www.google.com/patents/US,
4829062,https://www.google.com/patents/US,
4829071,https://www.google.com/patents/US,
4830860,https://www.google.com/patents/US,
4830989,https://www.google.com/patents/US,
4831031,https://www.google.com/patents/US,
4831059,https://www.google.com/patents/US,
4834755,https://www.google.com/patents/US,
4834756,https://www.google.com/patents/US,
4835141,https://www.google.com/patents/US,
4835165,https://www.google.com/patents/US,
4835166,https://www.google.com/patents/US,
4835192,https://www.google.com/patents/US,
4837279,https://www.google.com/patents/US,
4837334,https://www.google.com/patents/US,
4839104,https://www.google.com/patents/US,
4841078,https://www.google.com/patents/US,
4841079,https://www.google.com/patents/US,
4847245,https://www.google.com/patents/US,
4849518,https://www.google.com/patents/US,
4851130,https://www.google.com/patents/US,
4851195,https://www.google.com/patents/US,
4851388,https://www.google.com/patents/US,
4851412,https://www.google.com/patents/US,
4851548,https://www.google.com/patents/US,
4853392,https://www.google.com/patents/US,
4853409,https://www.google.com/patents/US,
4853410,https://www.google.com/patents/US,
4855303,https://www.google.com/patents/US,
4855454,https://www.google.com/patents/US,
4855500,https://www.google.com/patents/US,
4857045,https://www.google.com/patents/US,
4857269,https://www.google.com/patents/US,
4857641,https://www.google.com/patents/US,
4859654,https://www.google.com/patents/US,
4859679,https://www.google.com/patents/US,
4859686,https://www.google.com/patents/US,
4861596,https://www.google.com/patents/US,
4861779,https://www.google.com/patents/US,
4861794,https://www.google.com/patents/US,
4861880,https://www.google.com/patents/US,
4861891,https://www.google.com/patents/US,
4863934,https://www.google.com/patents/US,
4863948,https://www.google.com/patents/US,
4864046,https://www.google.com/patents/US,
4868296,https://www.google.com/patents/US,
4868297,https://www.google.com/patents/US,
4868301,https://www.google.com/patents/US,
4870084,https://www.google.com/patents/US,
4870170,https://www.google.com/patents/US,
4870190,https://www.google.com/patents/US,
4871369,https://www.google.com/patents/US,
4874757,https://www.google.com/patents/US,
4874864,https://www.google.com/patents/US,
4874877,https://www.google.com/patents/US,
4876367,https://www.google.com/patents/US,
4878913,https://www.google.com/patents/US,
4879303,https://www.google.com/patents/US,
4879391,https://www.google.com/patents/US,
4880741,https://www.google.com/patents/US,
4880810,https://www.google.com/patents/US,
4882337,https://www.google.com/patents/US,
4883795,https://www.google.com/patents/US,
4885294,https://www.google.com/patents/US,
4885370,https://www.google.com/patents/US,
4889128,https://www.google.com/patents/US,
4889531,https://www.google.com/patents/US,
4891372,https://www.google.com/patents/US,
4891373,https://www.google.com/patents/US,
4891375,https://www.google.com/patents/US,
4892590,https://www.google.com/patents/US,
4892881,https://www.google.com/patents/US,
4894464,https://www.google.com/patents/US,
4895168,https://www.google.com/patents/US,
4895720,https://www.google.com/patents/US,
4895724,https://www.google.com/patents/US,
4895940,https://www.google.com/patents/US,
4895943,https://www.google.com/patents/US,
4896661,https://www.google.com/patents/US,
4896662,https://www.google.com/patents/US,
4898872,https://www.google.com/patents/US,
4900546,https://www.google.com/patents/US,
4900839,https://www.google.com/patents/US,
4900844,https://www.google.com/patents/US,
4902284,https://www.google.com/patents/US,
4904671,https://www.google.com/patents/US,
4904685,https://www.google.com/patents/US,
4904782,https://www.google.com/patents/US,
4907591,https://www.google.com/patents/US,
4908316,https://www.google.com/patents/US,
4910204,https://www.google.com/patents/US,
4912130,https://www.google.com/patents/US,
4914101,https://www.google.com/patents/US,
4914207,https://www.google.com/patents/US,
4916209,https://www.google.com/patents/US,
4916226,https://www.google.com/patents/US,
4918163,https://www.google.com/patents/US,
4919121,https://www.google.com/patents/US,
4920050,https://www.google.com/patents/US,
4920215,https://www.google.com/patents/US,
4920221,https://www.google.com/patents/US,
4920224,https://www.google.com/patents/US,
4920967,https://www.google.com/patents/US,
4921972,https://www.google.com/patents/US,
4921994,https://www.google.com/patents/US,
4923438,https://www.google.com/patents/US,
4923864,https://www.google.com/patents/US,
4927618,https://www.google.com/patents/US,
4927847,https://www.google.com/patents/US,
4927918,https://www.google.com/patents/US,
4929638,https://www.google.com/patents/US,
4931057,https://www.google.com/patents/US,
D308428,https://www.google.com/patents/US,
4933475,https://www.google.com/patents/US,
4935370,https://www.google.com/patents/US,
4935405,https://www.google.com/patents/US,
4935430,https://www.google.com/patents/US,
4935442,https://www.google.com/patents/US,
4935447,https://www.google.com/patents/US,
4937184,https://www.google.com/patents/US,
4937189,https://www.google.com/patents/US,
4939140,https://www.google.com/patents/US,
4939290,https://www.google.com/patents/US,
4940708,https://www.google.com/patents/US,
4940712,https://www.google.com/patents/US,
4940731,https://www.google.com/patents/US,
4940791,https://www.google.com/patents/US,
4940823,https://www.google.com/patents/US,
D309350,https://www.google.com/patents/US,
4944756,https://www.google.com/patents/US,
4944760,https://www.google.com/patents/US,
4946133,https://www.google.com/patents/US,
4947864,https://www.google.com/patents/US,
4948891,https://www.google.com/patents/US,
4948901,https://www.google.com/patents/US,
4948913,https://www.google.com/patents/US,
4952236,https://www.google.com/patents/US,
4952694,https://www.google.com/patents/US,
4952703,https://www.google.com/patents/US,
4954482,https://www.google.com/patents/US,
4954629,https://www.google.com/patents/US,
4954647,https://www.google.com/patents/US,
4955873,https://www.google.com/patents/US,
4955874,https://www.google.com/patents/US,
4956283,https://www.google.com/patents/US,
4956382,https://www.google.com/patents/US,
4957111,https://www.google.com/patents/US,
4957930,https://www.google.com/patents/US,
4959365,https://www.google.com/patents/US,
4959366,https://www.google.com/patents/US,
4960782,https://www.google.com/patents/US,
4960785,https://www.google.com/patents/US,
4960792,https://www.google.com/patents/US,
4962128,https://www.google.com/patents/US,
4963531,https://www.google.com/patents/US,
4963560,https://www.google.com/patents/US,
4963689,https://www.google.com/patents/US,
4965360,https://www.google.com/patents/US,
4965372,https://www.google.com/patents/US,
4968704,https://www.google.com/patents/US,
4968707,https://www.google.com/patents/US,
D311867,https://www.google.com/patents/US,
4970318,https://www.google.com/patents/US,
4975444,https://www.google.com/patents/US,
4977178,https://www.google.com/patents/US,
4979956,https://www.google.com/patents/US,
4980357,https://www.google.com/patents/US,
4980370,https://www.google.com/patents/US,
4980395,https://www.google.com/patents/US,
4981870,https://www.google.com/patents/US,
4987231,https://www.google.com/patents/US,
4990509,https://www.google.com/patents/US,
4991588,https://www.google.com/patents/US,
4992369,https://www.google.com/patents/US,
4992423,https://www.google.com/patents/US,
4992424,https://www.google.com/patents/US,
4992447,https://www.google.com/patents/US,
4992454,https://www.google.com/patents/US,
4992466,https://www.google.com/patents/US,
4992543,https://www.google.com/patents/US,
4992562,https://www.google.com/patents/US,
4994055,https://www.google.com/patents/US,
4994275,https://www.google.com/patents/US,
4994277,https://www.google.com/patents/US,
4994455,https://www.google.com/patents/US,
4994457,https://www.google.com/patents/US,
4994551,https://www.google.com/patents/US,
4996084,https://www.google.com/patents/US,
4996204,https://www.google.com/patents/US,
4996345,https://www.google.com/patents/US,
4997949,https://www.google.com/patents/US,
4997981,https://www.google.com/patents/US,
5000776,https://www.google.com/patents/US,
5001136,https://www.google.com/patents/US,
5002547,https://www.google.com/patents/US,
5002580,https://www.google.com/patents/US,
5002772,https://www.google.com/patents/US,
5006541,https://www.google.com/patents/US,
5006547,https://www.google.com/patents/US,
5006561,https://www.google.com/patents/US,
5006657,https://www.google.com/patents/US,
5008263,https://www.google.com/patents/US,
5008283,https://www.google.com/patents/US,
5008384,https://www.google.com/patents/US,
5010185,https://www.google.com/patents/US,
5011840,https://www.google.com/patents/US,
5011841,https://www.google.com/patents/US,
5012975,https://www.google.com/patents/US,
5013462,https://www.google.com/patents/US,
5013571,https://www.google.com/patents/US,
5013572,https://www.google.com/patents/US,
5013729,https://www.google.com/patents/US,
5013839,https://www.google.com/patents/US,
5015473,https://www.google.com/patents/US,
5017293,https://www.google.com/patents/US,
5019350,https://www.google.com/patents/US,
5023085,https://www.google.com/patents/US,
5023258,https://www.google.com/patents/US,
5024613,https://www.google.com/patents/US,
5026358,https://www.google.com/patents/US,
5026643,https://www.google.com/patents/US,
5026715,https://www.google.com/patents/US,
5030452,https://www.google.com/patents/US,
5030654,https://www.google.com/patents/US,
5032646,https://www.google.com/patents/US,
5034376,https://www.google.com/patents/US,
5035700,https://www.google.com/patents/US,
5036079,https://www.google.com/patents/US,
5036088,https://www.google.com/patents/US,
5036099,https://www.google.com/patents/US,
5036104,https://www.google.com/patents/US,
5036155,https://www.google.com/patents/US,
5037423,https://www.google.com/patents/US,
5037834,https://www.google.com/patents/US,
5037842,https://www.google.com/patents/US,
5037846,https://www.google.com/patents/US,
5039672,https://www.google.com/patents/US,
5039682,https://www.google.com/patents/US,
5039683,https://www.google.com/patents/US,
5041114,https://www.google.com/patents/US,
5043017,https://www.google.com/patents/US,
5047055,https://www.google.com/patents/US,
5047056,https://www.google.com/patents/US,
5047548,https://www.google.com/patents/US,
5047554,https://www.google.com/patents/US,
5051412,https://www.google.com/patents/US,
5055473,https://www.google.com/patents/US,
5056715,https://www.google.com/patents/US,
5057498,https://www.google.com/patents/US,
5057528,https://www.google.com/patents/US,
5057626,https://www.google.com/patents/US,
5059609,https://www.google.com/patents/US,
5059693,https://www.google.com/patents/US,
5061283,https://www.google.com/patents/US,
5061717,https://www.google.com/patents/US,
5061728,https://www.google.com/patents/US,
5062854,https://www.google.com/patents/US,
5063237,https://www.google.com/patents/US,
5064830,https://www.google.com/patents/US,
5064851,https://www.google.com/patents/US,
5064852,https://www.google.com/patents/US,
5064855,https://www.google.com/patents/US,
5064958,https://www.google.com/patents/US,
5066296,https://www.google.com/patents/US,
5066659,https://www.google.com/patents/US,
5068333,https://www.google.com/patents/US,
5069788,https://www.google.com/patents/US,
5070205,https://www.google.com/patents/US,
5071040,https://www.google.com/patents/US,
5071764,https://www.google.com/patents/US,
5071844,https://www.google.com/patents/US,
5071852,https://www.google.com/patents/US,
5071863,https://www.google.com/patents/US,
5073567,https://www.google.com/patents/US,
5075439,https://www.google.com/patents/US,
5075442,https://www.google.com/patents/US,
5077278,https://www.google.com/patents/US,
5077295,https://www.google.com/patents/US,
5077314,https://www.google.com/patents/US,
5079242,https://www.google.com/patents/US,
5079248,https://www.google.com/patents/US,
5080921,https://www.google.com/patents/US,
5081118,https://www.google.com/patents/US,
5082648,https://www.google.com/patents/US,
5082684,https://www.google.com/patents/US,
5082970,https://www.google.com/patents/US,
5085510,https://www.google.com/patents/US,
5086062,https://www.google.com/patents/US,
5086186,https://www.google.com/patents/US,
5087732,https://www.google.com/patents/US,
5089480,https://www.google.com/patents/US,
5089505,https://www.google.com/patents/US,
5089514,https://www.google.com/patents/US,
5089637,https://www.google.com/patents/US,
D324102,https://www.google.com/patents/US,
5091383,https://www.google.com/patents/US,
5093319,https://www.google.com/patents/US,
5095121,https://www.google.com/patents/US,
5095127,https://www.google.com/patents/US,
5096890,https://www.google.com/patents/US,
5097653,https://www.google.com/patents/US,
5098437,https://www.google.com/patents/US,
5100407,https://www.google.com/patents/US,
5100648,https://www.google.com/patents/US,
5100785,https://www.google.com/patents/US,
5103040,https://www.google.com/patents/US,
5104868,https://www.google.com/patents/US,
5104874,https://www.google.com/patents/US,
5106614,https://www.google.com/patents/US,
5108432,https://www.google.com/patents/US,
5108435,https://www.google.com/patents/US,
5108437,https://www.google.com/patents/US,
5108445,https://www.google.com/patents/US,
5108756,https://www.google.com/patents/US,
5112746,https://www.google.com/patents/US,
5114618,https://www.google.com/patents/US,
5114952,https://www.google.com/patents/US,
5116329,https://www.google.com/patents/US,
5116338,https://www.google.com/patents/US,
5116844,https://www.google.com/patents/US,
5116854,https://www.google.com/patents/US,
5118703,https://www.google.com/patents/US,
5120728,https://www.google.com/patents/US,
5120747,https://www.google.com/patents/US,
5120754,https://www.google.com/patents/US,
5122134,https://www.google.com/patents/US,
5122146,https://www.google.com/patents/US,
5122525,https://www.google.com/patents/US,
5122534,https://www.google.com/patents/US,
5122596,https://www.google.com/patents/US,
5124346,https://www.google.com/patents/US,
5126011,https://www.google.com/patents/US,
5128352,https://www.google.com/patents/US,
5128358,https://www.google.com/patents/US,
5130334,https://www.google.com/patents/US,
5130338,https://www.google.com/patents/US,
5130379,https://www.google.com/patents/US,
5132300,https://www.google.com/patents/US,
5134225,https://www.google.com/patents/US,
5136020,https://www.google.com/patents/US,
5138060,https://www.google.com/patents/US,
5139800,https://www.google.com/patents/US,
5141810,https://www.google.com/patents/US,
5141950,https://www.google.com/patents/US,
5147366,https://www.google.com/patents/US,
5147408,https://www.google.com/patents/US,
5147507,https://www.google.com/patents/US,
5147858,https://www.google.com/patents/US,
5147873,https://www.google.com/patents/US,
5147881,https://www.google.com/patents/US,
5149814,https://www.google.com/patents/US,
5149821,https://www.google.com/patents/US,
5151104,https://www.google.com/patents/US,
5151545,https://www.google.com/patents/US,
5153206,https://www.google.com/patents/US,
5153320,https://www.google.com/patents/US,
5155097,https://www.google.com/patents/US,
5155120,https://www.google.com/patents/US,
5156719,https://www.google.com/patents/US,
5157034,https://www.google.com/patents/US,
5157125,https://www.google.com/patents/US,
5157138,https://www.google.com/patents/US,
5158798,https://www.google.com/patents/US,
5158937,https://www.google.com/patents/US,
5158964,https://www.google.com/patents/US,
5162339,https://www.google.com/patents/US,
5164402,https://www.google.com/patents/US,
5166161,https://www.google.com/patents/US,
5166400,https://www.google.com/patents/US,
5166401,https://www.google.com/patents/US,
5166406,https://www.google.com/patents/US,
5169947,https://www.google.com/patents/US,
5169976,https://www.google.com/patents/US,
5171243,https://www.google.com/patents/US,
5171744,https://www.google.com/patents/US,
5171862,https://www.google.com/patents/US,
5175179,https://www.google.com/patents/US,
5178796,https://www.google.com/patents/US,
5181930,https://www.google.com/patents/US,
5182391,https://www.google.com/patents/US,
5185343,https://www.google.com/patents/US,
5185369,https://www.google.com/patents/US,
5185449,https://www.google.com/patents/US,
5185464,https://www.google.com/patents/US,
5185986,https://www.google.com/patents/US,
5189037,https://www.google.com/patents/US,
5190544,https://www.google.com/patents/US,
5190545,https://www.google.com/patents/US,
5191075,https://www.google.com/patents/US,
5191077,https://www.google.com/patents/US,
5192326,https://www.google.com/patents/US,
5192765,https://www.google.com/patents/US,
5192790,https://www.google.com/patents/US,
5192800,https://www.google.com/patents/US,
5196410,https://www.google.com/patents/US,
5196426,https://www.google.com/patents/US,
5196548,https://www.google.com/patents/US,
5196607,https://www.google.com/patents/US,
5201735,https://www.google.com/patents/US,
5202440,https://www.google.com/patents/US,
5203595,https://www.google.com/patents/US,
5203653,https://www.google.com/patents/US,
5206263,https://www.google.com/patents/US,
5206364,https://www.google.com/patents/US,
5206366,https://www.google.com/patents/US,
5206367,https://www.google.com/patents/US,
5210212,https://www.google.com/patents/US,
5213112,https://www.google.com/patents/US,
5214044,https://www.google.com/patents/US,
5214051,https://www.google.com/patents/US,
5215734,https://www.google.com/patents/US,
5216163,https://www.google.com/patents/US,
5217462,https://www.google.com/patents/US,
5217968,https://www.google.com/patents/US,
5219871,https://www.google.com/patents/US,
D336540,https://www.google.com/patents/US,
5223522,https://www.google.com/patents/US,
5227025,https://www.google.com/patents/US,
5227397,https://www.google.com/patents/US,
5229396,https://www.google.com/patents/US,
5231104,https://www.google.com/patents/US,
5232929,https://www.google.com/patents/US,
5232945,https://www.google.com/patents/US,
5233053,https://www.google.com/patents/US,
5233091,https://www.google.com/patents/US,
5234456,https://www.google.com/patents/US,
5234831,https://www.google.com/patents/US,
5235054,https://www.google.com/patents/US,
5236945,https://www.google.com/patents/US,
5238848,https://www.google.com/patents/US,
5240850,https://www.google.com/patents/US,
5242911,https://www.google.com/patents/US,
5242913,https://www.google.com/patents/US,
5245079,https://www.google.com/patents/US,
5247727,https://www.google.com/patents/US,
5248681,https://www.google.com/patents/US,
5248685,https://www.google.com/patents/US,
5248699,https://www.google.com/patents/US,
5248820,https://www.google.com/patents/US,
5250050,https://www.google.com/patents/US,
5250531,https://www.google.com/patents/US,
5250534,https://www.google.com/patents/US,
5254570,https://www.google.com/patents/US,
5256789,https://www.google.com/patents/US,
5256791,https://www.google.com/patents/US,
5258194,https://www.google.com/patents/US,
5258420,https://www.google.com/patents/US,
5260309,https://www.google.com/patents/US,
5260467,https://www.google.com/patents/US,
5263985,https://www.google.com/patents/US,
5266326,https://www.google.com/patents/US,
5266569,https://www.google.com/patents/US,
5268453,https://www.google.com/patents/US,
5269818,https://www.google.com/patents/US,
5270206,https://www.google.com/patents/US,
5270323,https://www.google.com/patents/US,
5270331,https://www.google.com/patents/US,
5272147,https://www.google.com/patents/US,
5272160,https://www.google.com/patents/US,
5276040,https://www.google.com/patents/US,
5276070,https://www.google.com/patents/US,
5278175,https://www.google.com/patents/US,
5280039,https://www.google.com/patents/US,
5280122,https://www.google.com/patents/US,
5281601,https://www.google.com/patents/US,
5283249,https://www.google.com/patents/US,
5284658,https://www.google.com/patents/US,
5286857,https://www.google.com/patents/US,
5286904,https://www.google.com/patents/US,
5290788,https://www.google.com/patents/US,
5290802,https://www.google.com/patents/US,
5292749,https://www.google.com/patents/US,
5293942,https://www.google.com/patents/US,
5294619,https://www.google.com/patents/US,
5294635,https://www.google.com/patents/US,
5294730,https://www.google.com/patents/US,
5294744,https://www.google.com/patents/US,
5296002,https://www.google.com/patents/US,
5298512,https://www.google.com/patents/US,
5298522,https://www.google.com/patents/US,
5298524,https://www.google.com/patents/US,
5298629,https://www.google.com/patents/US,
5300516,https://www.google.com/patents/US,
5300655,https://www.google.com/patents/US,
5300668,https://www.google.com/patents/US,
5302595,https://www.google.com/patents/US,
5304557,https://www.google.com/patents/US,
5306723,https://www.google.com/patents/US,
5306726,https://www.google.com/patents/US,
5308639,https://www.google.com/patents/US,
5312925,https://www.google.com/patents/US,
5319103,https://www.google.com/patents/US,
5321020,https://www.google.com/patents/US,
5322847,https://www.google.com/patents/US,
5326874,https://www.google.com/patents/US,
5326884,https://www.google.com/patents/US,
5326905,https://www.google.com/patents/US,
5330997,https://www.google.com/patents/US,
5330998,https://www.google.com/patents/US,
5332817,https://www.google.com/patents/US,
5332857,https://www.google.com/patents/US,
5334604,https://www.google.com/patents/US,
5336771,https://www.google.com/patents/US,
5336775,https://www.google.com/patents/US,
5338538,https://www.google.com/patents/US,
5338740,https://www.google.com/patents/US,
5338754,https://www.google.com/patents/US,
5338846,https://www.google.com/patents/US,
5340826,https://www.google.com/patents/US,
5340831,https://www.google.com/patents/US,
5342842,https://www.google.com/patents/US,
5344835,https://www.google.com/patents/US,
5346901,https://www.google.com/patents/US,
5350747,https://www.google.com/patents/US,
5350764,https://www.google.com/patents/US,
5356644,https://www.google.com/patents/US,
5356905,https://www.google.com/patents/US,
5358502,https://www.google.com/patents/US,
5358953,https://www.google.com/patents/US,
5359060,https://www.google.com/patents/US,
5359068,https://www.google.com/patents/US,
5360450,https://www.google.com/patents/US,
5360612,https://www.google.com/patents/US,
5362743,https://www.google.com/patents/US,
5362758,https://www.google.com/patents/US,
5362852,https://www.google.com/patents/US,
5362878,https://www.google.com/patents/US,
5362902,https://www.google.com/patents/US,
5363968,https://www.google.com/patents/US,
5364398,https://www.google.com/patents/US,
5364938,https://www.google.com/patents/US,
5364943,https://www.google.com/patents/US,
5369940,https://www.google.com/patents/US,
5370754,https://www.google.com/patents/US,
5371012,https://www.google.com/patents/US,
5371187,https://www.google.com/patents/US,
5371235,https://www.google.com/patents/US,
D353225,https://www.google.com/patents/US,
5373003,https://www.google.com/patents/US,
5380290,https://www.google.com/patents/US,
5380860,https://www.google.com/patents/US,
5384318,https://www.google.com/patents/US,
5384320,https://www.google.com/patents/US,
5385735,https://www.google.com/patents/US,
5385913,https://www.google.com/patents/US,
5385916,https://www.google.com/patents/US,
5387509,https://www.google.com/patents/US,
5387584,https://www.google.com/patents/US,
5387590,https://www.google.com/patents/US,
5387597,https://www.google.com/patents/US,
5391367,https://www.google.com/patents/US,
5391548,https://www.google.com/patents/US,
5391551,https://www.google.com/patents/US,
5391742,https://www.google.com/patents/US,
5391763,https://www.google.com/patents/US,
5393762,https://www.google.com/patents/US,
5395935,https://www.google.com/patents/US,
5397800,https://www.google.com/patents/US,
5399675,https://www.google.com/patents/US,
5399678,https://www.google.com/patents/US,
5401761,https://www.google.com/patents/US,
5403738,https://www.google.com/patents/US,
5403839,https://www.google.com/patents/US,
5407943,https://www.google.com/patents/US,
5409941,https://www.google.com/patents/US,
5410046,https://www.google.com/patents/US,
5414127,https://www.google.com/patents/US,
5416193,https://www.google.com/patents/US,
5417695,https://www.google.com/patents/US,
5417923,https://www.google.com/patents/US,
5418152,https://www.google.com/patents/US,
5418231,https://www.google.com/patents/US,
5420283,https://www.google.com/patents/US,
5420347,https://www.google.com/patents/US,
5422354,https://www.google.com/patents/US,
5422358,https://www.google.com/patents/US,
5426107,https://www.google.com/patents/US,
5428043,https://www.google.com/patents/US,
5430055,https://www.google.com/patents/US,
5431921,https://www.google.com/patents/US,
5432183,https://www.google.com/patents/US,
5436255,https://www.google.com/patents/US,
5436344,https://www.google.com/patents/US,
5436368,https://www.google.com/patents/US,
5438074,https://www.google.com/patents/US,
5439929,https://www.google.com/patents/US,
5441939,https://www.google.com/patents/US,
5441986,https://www.google.com/patents/US,
5442044,https://www.google.com/patents/US,
5442068,https://www.google.com/patents/US,
5442116,https://www.google.com/patents/US,
5443843,https://www.google.com/patents/US,
5444062,https://www.google.com/patents/US,
5446050,https://www.google.com/patents/US,
5451511,https://www.google.com/patents/US,
5451586,https://www.google.com/patents/US,
5455250,https://www.google.com/patents/US,
5455350,https://www.google.com/patents/US,
5457118,https://www.google.com/patents/US,
5457214,https://www.google.com/patents/US,
5457237,https://www.google.com/patents/US,
5458910,https://www.google.com/patents/US,
5459145,https://www.google.com/patents/US,
5459155,https://www.google.com/patents/US,
5461056,https://www.google.com/patents/US,
D363430,https://www.google.com/patents/US,
5463070,https://www.google.com/patents/US,
5463126,https://www.google.com/patents/US,
5464849,https://www.google.com/patents/US,
5466880,https://www.google.com/patents/US,
5468732,https://www.google.com/patents/US,
5468765,https://www.google.com/patents/US,
5475005,https://www.google.com/patents/US,
5475116,https://www.google.com/patents/US,
5475117,https://www.google.com/patents/US,
5478735,https://www.google.com/patents/US,
5478822,https://www.google.com/patents/US,
5482941,https://www.google.com/patents/US,
5482944,https://www.google.com/patents/US,
5484917,https://www.google.com/patents/US,
5486527,https://www.google.com/patents/US,
5489688,https://www.google.com/patents/US,
5491234,https://www.google.com/patents/US,
5494820,https://www.google.com/patents/US,
5494931,https://www.google.com/patents/US,
5498610,https://www.google.com/patents/US,
5498614,https://www.google.com/patents/US,
5498621,https://www.google.com/patents/US,
5498626,https://www.google.com/patents/US,
5498695,https://www.google.com/patents/US,
5498786,https://www.google.com/patents/US,
5502065,https://www.google.com/patents/US,
5502072,https://www.google.com/patents/US,
5504076,https://www.google.com/patents/US,
5504095,https://www.google.com/patents/US,
5506233,https://www.google.com/patents/US,
5506235,https://www.google.com/patents/US,
5508300,https://www.google.com/patents/US,
5510372,https://www.google.com/patents/US,
5512545,https://www.google.com/patents/US,
5512689,https://www.google.com/patents/US,
5514138,https://www.google.com/patents/US,
5516527,https://www.google.com/patents/US,
5516530,https://www.google.com/patents/US,
5519033,https://www.google.com/patents/US,
5521204,https://www.google.com/patents/US,
5521212,https://www.google.com/patents/US,
5521220,https://www.google.com/patents/US,
5523413,https://www.google.com/patents/US,
5525506,https://www.google.com/patents/US,
5527808,https://www.google.com/patents/US,
5527912,https://www.google.com/patents/US,
5529789,https://www.google.com/patents/US,
5530107,https://www.google.com/patents/US,
5534626,https://www.google.com/patents/US,
5536496,https://www.google.com/patents/US,
5536715,https://www.google.com/patents/US,
5536722,https://www.google.com/patents/US,
5538984,https://www.google.com/patents/US,
5538990,https://www.google.com/patents/US,
5539128,https://www.google.com/patents/US,
5541203,https://www.google.com/patents/US,
5541218,https://www.google.com/patents/US,
5543411,https://www.google.com/patents/US,
5543419,https://www.google.com/patents/US,
5545624,https://www.google.com/patents/US,
5545644,https://www.google.com/patents/US,
5545656,https://www.google.com/patents/US,
5550152,https://www.google.com/patents/US,
5552387,https://www.google.com/patents/US,
5552412,https://www.google.com/patents/US,
5552424,https://www.google.com/patents/US,
5552435,https://www.google.com/patents/US,
5552548,https://www.google.com/patents/US,
5553613,https://www.google.com/patents/US,
5556868,https://www.google.com/patents/US,
5559129,https://www.google.com/patents/US,
5559246,https://www.google.com/patents/US,
5560859,https://www.google.com/patents/US,
5563135,https://www.google.com/patents/US,
5563143,https://www.google.com/patents/US,
5563259,https://www.google.com/patents/US,
5565359,https://www.google.com/patents/US,
5565453,https://www.google.com/patents/US,
5565472,https://www.google.com/patents/US,
5567817,https://www.google.com/patents/US,
5569662,https://www.google.com/patents/US,
5573946,https://www.google.com/patents/US,
5574046,https://www.google.com/patents/US,
5576199,https://www.google.com/patents/US,
5576200,https://www.google.com/patents/US,
5576317,https://www.google.com/patents/US,
5576442,https://www.google.com/patents/US,
5578591,https://www.google.com/patents/US,
5578592,https://www.google.com/patents/US,
5578612,https://www.google.com/patents/US,
5583015,https://www.google.com/patents/US,
5583029,https://www.google.com/patents/US,
5583137,https://www.google.com/patents/US,
5589366,https://www.google.com/patents/US,
5589482,https://www.google.com/patents/US,
5591742,https://www.google.com/patents/US,
5593997,https://www.google.com/patents/US,
5594002,https://www.google.com/patents/US,
5594007,https://www.google.com/patents/US,
5594014,https://www.google.com/patents/US,
5596001,https://www.google.com/patents/US,
5596013,https://www.google.com/patents/US,
5597826,https://www.google.com/patents/US,
5599559,https://www.google.com/patents/US,
5602012,https://www.google.com/patents/US,
5602117,https://www.google.com/patents/US,
5603953,https://www.google.com/patents/US,
5604214,https://www.google.com/patents/US,
5604241,https://www.google.com/patents/US,
5604252,https://www.google.com/patents/US,
5605889,https://www.google.com/patents/US,
5606041,https://www.google.com/patents/US,
5607950,https://www.google.com/patents/US,
5607951,https://www.google.com/patents/US,
5607959,https://www.google.com/patents/US,
5607960,https://www.google.com/patents/US,
5608071,https://www.google.com/patents/US,
5609590,https://www.google.com/patents/US,
5612059,https://www.google.com/patents/US,
5612316,https://www.google.com/patents/US,
5616328,https://www.google.com/patents/US,
5616585,https://www.google.com/patents/US,
5616687,https://www.google.com/patents/US,
5616828,https://www.google.com/patents/US,
5618808,https://www.google.com/patents/US,
5618811,https://www.google.com/patents/US,
5618834,https://www.google.com/patents/US,
5618941,https://www.google.com/patents/US,
5618970,https://www.google.com/patents/US,
5620874,https://www.google.com/patents/US,
5621084,https://www.google.com/patents/US,
5624929,https://www.google.com/patents/US,
5624951,https://www.google.com/patents/US,
5627154,https://www.google.com/patents/US,
5627200,https://www.google.com/patents/US,
5629295,https://www.google.com/patents/US,
5631235,https://www.google.com/patents/US,
5633006,https://www.google.com/patents/US,
5635501,https://www.google.com/patents/US,
5637713,https://www.google.com/patents/US,
5639752,https://www.google.com/patents/US,
5639757,https://www.google.com/patents/US,
5639779,https://www.google.com/patents/US,
5641789,https://www.google.com/patents/US,
5643730,https://www.google.com/patents/US,
5643886,https://www.google.com/patents/US,
5643902,https://www.google.com/patents/US,
5643904,https://www.google.com/patents/US,
5645647,https://www.google.com/patents/US,
5646152,https://www.google.com/patents/US,
5648502,https://www.google.com/patents/US,
5654302,https://www.google.com/patents/US,
5656634,https://www.google.com/patents/US,
5658292,https://www.google.com/patents/US,
5660844,https://www.google.com/patents/US,
5663188,https://www.google.com/patents/US,
5663349,https://www.google.com/patents/US,
5665708,https://www.google.com/patents/US,
5665717,https://www.google.com/patents/US,
5665749,https://www.google.com/patents/US,
5665768,https://www.google.com/patents/US,
5667785,https://www.google.com/patents/US,
5668145,https://www.google.com/patents/US,
5672509,https://www.google.com/patents/US,
5674484,https://www.google.com/patents/US,
5674732,https://www.google.com/patents/US,
5677287,https://www.google.com/patents/US,
5677324,https://www.google.com/patents/US,
5677332,https://www.google.com/patents/US,
5677458,https://www.google.com/patents/US,
5679563,https://www.google.com/patents/US,
5681858,https://www.google.com/patents/US,
5684046,https://www.google.com/patents/US,
5686268,https://www.google.com/patents/US,
5686274,https://www.google.com/patents/US,
5686286,https://www.google.com/patents/US,
5686434,https://www.google.com/patents/US,
5686587,https://www.google.com/patents/US,
5686615,https://www.google.com/patents/US,
5686634,https://www.google.com/patents/US,
5688804,https://www.google.com/patents/US,
5688806,https://www.google.com/patents/US,
5688809,https://www.google.com/patents/US,
5693524,https://www.google.com/patents/US,
5695769,https://www.google.com/patents/US,
5696126,https://www.google.com/patents/US,
5696141,https://www.google.com/patents/US,
5696146,https://www.google.com/patents/US,
5697922,https://www.google.com/patents/US,
5698220,https://www.google.com/patents/US,
5698420,https://www.google.com/patents/US,
5698526,https://www.google.com/patents/US,
5698550,https://www.google.com/patents/US,
5698568,https://www.google.com/patents/US,
5702924,https://www.google.com/patents/US,
5703052,https://www.google.com/patents/US,
5703065,https://www.google.com/patents/US,
5703108,https://www.google.com/patents/US,
5705523,https://www.google.com/patents/US,
5705646,https://www.google.com/patents/US,
5707839,https://www.google.com/patents/US,
5710168,https://www.google.com/patents/US,
5712303,https://www.google.com/patents/US,
5714487,https://www.google.com/patents/US,
5714628,https://www.google.com/patents/US,
5716939,https://www.google.com/patents/US,
5716948,https://www.google.com/patents/US,
5716961,https://www.google.com/patents/US,
5716965,https://www.google.com/patents/US,
5716967,https://www.google.com/patents/US,
5717102,https://www.google.com/patents/US,
5719190,https://www.google.com/patents/US,
5719191,https://www.google.com/patents/US,
5719283,https://www.google.com/patents/US,
5719286,https://www.google.com/patents/US,
5721255,https://www.google.com/patents/US,
5721271,https://www.google.com/patents/US,
5723488,https://www.google.com/patents/US,
5726207,https://www.google.com/patents/US,
5728561,https://www.google.com/patents/US,
5728704,https://www.google.com/patents/US,
5728711,https://www.google.com/patents/US,
5731307,https://www.google.com/patents/US,
D392562,https://www.google.com/patents/US,
5733887,https://www.google.com/patents/US,
5733937,https://www.google.com/patents/US,
5734053,https://www.google.com/patents/US,
5736534,https://www.google.com/patents/US,
5739279,https://www.google.com/patents/US,
5739280,https://www.google.com/patents/US,
5741790,https://www.google.com/patents/US,
5741797,https://www.google.com/patents/US,
5744480,https://www.google.com/patents/US,
5744483,https://www.google.com/patents/US,
5744488,https://www.google.com/patents/US,
5747064,https://www.google.com/patents/US,
5747465,https://www.google.com/patents/US,
5747498,https://www.google.com/patents/US,
5747501,https://www.google.com/patents/US,
5750520,https://www.google.com/patents/US,
5750535,https://www.google.com/patents/US,
5750542,https://www.google.com/patents/US,
5750707,https://www.google.com/patents/US,
5750794,https://www.google.com/patents/US,
5753682,https://www.google.com/patents/US,
5756462,https://www.google.com/patents/US,
5756474,https://www.google.com/patents/US,
5760009,https://www.google.com/patents/US,
5760011,https://www.google.com/patents/US,
5763454,https://www.google.com/patents/US,
5763467,https://www.google.com/patents/US,
5763884,https://www.google.com/patents/US,
5767133,https://www.google.com/patents/US,
5767139,https://www.google.com/patents/US,
5770594,https://www.google.com/patents/US,
5770611,https://www.google.com/patents/US,
5773443,https://www.google.com/patents/US,
5773450,https://www.google.com/patents/US,
5773477,https://www.google.com/patents/US,
5776735,https://www.google.com/patents/US,
5783572,https://www.google.com/patents/US,
5786212,https://www.google.com/patents/US,
RE35865,https://www.google.com/patents/US,
5789408,https://www.google.com/patents/US,
5789415,https://www.google.com/patents/US,
5789423,https://www.google.com/patents/US,
5792471,https://www.google.com/patents/US,
5792882,https://www.google.com/patents/US,
5795902,https://www.google.com/patents/US,
5798352,https://www.google.com/patents/US,
5798383,https://www.google.com/patents/US,
5800831,https://www.google.com/patents/US,
5801023,https://www.google.com/patents/US,
5804554,https://www.google.com/patents/US,
5804562,https://www.google.com/patents/US,
5807834,https://www.google.com/patents/US,
5807867,https://www.google.com/patents/US,
5808084,https://www.google.com/patents/US,
5811130,https://www.google.com/patents/US,
5811432,https://www.google.com/patents/US,
5814648,https://www.google.com/patents/US,
5814651,https://www.google.com/patents/US,
5819967,https://www.google.com/patents/US,
5821232,https://www.google.com/patents/US,
5821245,https://www.google.com/patents/US,
5821248,https://www.google.com/patents/US,
5827538,https://www.google.com/patents/US,
5827892,https://www.google.com/patents/US,
5830489,https://www.google.com/patents/US,
D400434,https://www.google.com/patents/US,
5833124,https://www.google.com/patents/US,
5834450,https://www.google.com/patents/US,
5834478,https://www.google.com/patents/US,
5837711,https://www.google.com/patents/US,
5837717,https://www.google.com/patents/US,
5837720,https://www.google.com/patents/US,
5837724,https://www.google.com/patents/US,
5840315,https://www.google.com/patents/US,
5840704,https://www.google.com/patents/US,
5840723,https://www.google.com/patents/US,
5843972,https://www.google.com/patents/US,
5846527,https://www.google.com/patents/US,
5846965,https://www.google.com/patents/US,
5847155,https://www.google.com/patents/US,
5847158,https://www.google.com/patents/US,
5849730,https://www.google.com/patents/US,
5849739,https://www.google.com/patents/US,
5852016,https://www.google.com/patents/US,
5852031,https://www.google.com/patents/US,
5852038,https://www.google.com/patents/US,
5852040,https://www.google.com/patents/US,
5852059,https://www.google.com/patents/US,
5853758,https://www.google.com/patents/US,
5854232,https://www.google.com/patents/US,
5854239,https://www.google.com/patents/US,
5854256,https://www.google.com/patents/US,
5854262,https://www.google.com/patents/US,
5854275,https://www.google.com/patents/US,
5855894,https://www.google.com/patents/US,
5859011,https://www.google.com/patents/US,
5859044,https://www.google.com/patents/US,
5859703,https://www.google.com/patents/US,
5861393,https://www.google.com/patents/US,
5861402,https://www.google.com/patents/US,
5861438,https://www.google.com/patents/US,
5861510,https://www.google.com/patents/US,
5863917,https://www.google.com/patents/US,
5863949,https://www.google.com/patents/US,
5866578,https://www.google.com/patents/US,
5869499,https://www.google.com/patents/US,
5869511,https://www.google.com/patents/US,
5876752,https://www.google.com/patents/US,
5883080,https://www.google.com/patents/US,
5883094,https://www.google.com/patents/US,
5883106,https://www.google.com/patents/US,
5883131,https://www.google.com/patents/US,
5885959,https://www.google.com/patents/US,
5886008,https://www.google.com/patents/US,
5886009,https://www.google.com/patents/US,
5889010,https://www.google.com/patents/US,
5889042,https://www.google.com/patents/US,
5889144,https://www.google.com/patents/US,
5891727,https://www.google.com/patents/US,
5892040,https://www.google.com/patents/US,
5900413,https://www.google.com/patents/US,
5900415,https://www.google.com/patents/US,
5902778,https://www.google.com/patents/US,
5902830,https://www.google.com/patents/US,
5905034,https://www.google.com/patents/US,
5908930,https://www.google.com/patents/US,
D410842,https://www.google.com/patents/US,
5911999,https://www.google.com/patents/US,
5912244,https://www.google.com/patents/US,
5912357,https://www.google.com/patents/US,
5914092,https://www.google.com/patents/US,
5914329,https://www.google.com/patents/US,
5916545,https://www.google.com/patents/US,
5916902,https://www.google.com/patents/US,
5917034,https://www.google.com/patents/US,
5919795,https://www.google.com/patents/US,
5919809,https://www.google.com/patents/US,
5919925,https://www.google.com/patents/US,
5922747,https://www.google.com/patents/US,
5929240,https://www.google.com/patents/US,
5932566,https://www.google.com/patents/US,
5932581,https://www.google.com/patents/US,
5932594,https://www.google.com/patents/US,
5935960,https://www.google.com/patents/US,
5935962,https://www.google.com/patents/US,
5936089,https://www.google.com/patents/US,
5939398,https://www.google.com/patents/US,
5939433,https://www.google.com/patents/US,
5939452,https://www.google.com/patents/US,
5939550,https://www.google.com/patents/US,
5942524,https://www.google.com/patents/US,
5942619,https://www.google.com/patents/US,
5945087,https://www.google.com/patents/US,
5945088,https://www.google.com/patents/US,
5945118,https://www.google.com/patents/US,
5946088,https://www.google.com/patents/US,
5948390,https://www.google.com/patents/US,
5948781,https://www.google.com/patents/US,
5948799,https://www.google.com/patents/US,
5948809,https://www.google.com/patents/US,
5948813,https://www.google.com/patents/US,
5952322,https://www.google.com/patents/US,
5952326,https://www.google.com/patents/US,
5952369,https://www.google.com/patents/US,
D413972,https://www.google.com/patents/US,
D413973,https://www.google.com/patents/US,
5955297,https://www.google.com/patents/US,
5955611,https://www.google.com/patents/US,
D414259,https://www.google.com/patents/US,
5958948,https://www.google.com/patents/US,
5958953,https://www.google.com/patents/US,
D414551,https://www.google.com/patents/US,
D414552,https://www.google.com/patents/US,
5962457,https://www.google.com/patents/US,
5962479,https://www.google.com/patents/US,
5962659,https://www.google.com/patents/US,
5965445,https://www.google.com/patents/US,
5965553,https://www.google.com/patents/US,
5965745,https://www.google.com/patents/US,
D415272,https://www.google.com/patents/US,
5968923,https://www.google.com/patents/US,
5968944,https://www.google.com/patents/US,
5968950,https://www.google.com/patents/US,
5968969,https://www.google.com/patents/US,
5969813,https://www.google.com/patents/US,
5972930,https://www.google.com/patents/US,
5972962,https://www.google.com/patents/US,
5977124,https://www.google.com/patents/US,
5977131,https://www.google.com/patents/US,
5977142,https://www.google.com/patents/US,
5977355,https://www.google.com/patents/US,
5981500,https://www.google.com/patents/US,
5981560,https://www.google.com/patents/US,
5981762,https://www.google.com/patents/US,
5985912,https://www.google.com/patents/US,
5985932,https://www.google.com/patents/US,
5989844,https://www.google.com/patents/US,
5990111,https://www.google.com/patents/US,
5990125,https://www.google.com/patents/US,
5994351,https://www.google.com/patents/US,
5994352,https://www.google.com/patents/US,
5994387,https://www.google.com/patents/US,
5998451,https://www.google.com/patents/US,
5998463,https://www.google.com/patents/US,
5998623,https://www.google.com/patents/US,
6001822,https://www.google.com/patents/US,
6001856,https://www.google.com/patents/US,
6001860,https://www.google.com/patents/US,
6001998,https://www.google.com/patents/US,
6004974,https://www.google.com/patents/US,
6005133,https://www.google.com/patents/US,
6008233,https://www.google.com/patents/US,
6008357,https://www.google.com/patents/US,
6008361,https://www.google.com/patents/US,